theta_0, theta_1
8404.939085, -0.020549